the_geom,cartodb_id,continent,n1,n2,n3,region,pleiadeslocationprecision,maxdate,mindate,timeperiodskeys,pleiadestitle,verified,type,notes,g_verified,url
,2999,Europe,Gallia Belgica,Bad Durkheim-Ungstein,Rural Villa,,,,,,,,,,,
,5761,Europe,Germania Superior,Dietikon,Rural Villa,,,,,,,,,,,
,6802,Europe,Hispania Tarraconensis,Fraga,Villa of Fortunatas,,,,,,,,,,,
0101000020E6100000D113E0055B60434052B81E85EB111CC0,56,Europe,Lusitania,La Cocosa,Villa de La Cocosa,,,,,,,,,,,
,15976,Europe,Silicia,Syracuse,Public Square,,,,,,,,,,,
0101000020E6100000DFC2BAF1EEEC3D40D712F241CF363F40,51,Africa,Aegyptus,Imbrahimiya,Alexandria,,,,,,,locality,,,,
,2,Europe,Creta,,,,,,,,,,,,,
0101000020E610000025ECDB4944843E409A99999999593D40,95,Africa,Aegyptus,Theadelphia,Fayum,,,,,,,locality,,,,
,38,Italy,Villas near Tivoli,Cynthia's villa,,Region IV,,,,,,,,,,
,42,Europe,Germania Superior,Ferpicloz,Rural Villa,,,,,,,,,,,
0101000020E61000004866FD7FFFEC2A406F42E756049F4440,84,Italy,Latium,Sperlonga,,Region I,,,,,,verified,,,,
0101000020E610000047E867EA752B2C400B444FCAA4644440,11268,Italy,Campania,Misenum,,Region I,precise,640,-30,"roman,late-antique",Misenum,verified,,,,
0101000020E6100000840D4FAF94852B40DBF97E6ABC744640,1,Italy,Brioni Island,,,Region X,,,,,,locality,,,,
0101000020E61000007FD93D79586829404DF38E5374DC4440,11806,Italy,Latium,Nemi?,,Region I,,,,,,locality,,,,
0101000020E61000008048BF7D1D982940168733BF9AFB4440,113,Italy,Tivoli,,,Region IV,,,,,,verified,,,,
,101,Europe,Gallia Lugdunensis,Vaise,House with Xenia,,,,,,,,,,,
,102,Europe,Gallia Narbonensis,Vasio Voncontorium,Sanctuary with Porticoes,,,,,,,,,,,
,103,Europe,Gallia Belgica,Weitersbach,Rural Villa,,,,,,,,,,,
,105,Asia,Hellespontus,,,,,,,,,,,,,
,106,Asia,Galatia-Cappodocia,,,,,,,,,,,,,
,107,Asia,Cilicia,,,,,,,,,,,,,
,108,Asia,Bithynia,,,,,,,,,,,,,
,109,Asia,Armenia,,,,,,,,,,,,,
,110,Europe,Raetia,,,,,,,,,,,,,
,111,Europe,Moesia,,,,,,,,,,,,,
,115,Europe,"Alpes Cottiae, Maritimiae, Poeniae",,,,,,,,,,,,,
,116,Asia,Paphlagonia,,,,,,,,,,,,,
,117,Europe,Lycaonia,,,,,,,,,,,,,
,118,Europe,Thracia,,,,,,,,,,,,,
,119,Asia,Mesopotamia,,,,,,,,,,,,,
,120,Asia,Lycia,,,,,,,,,,,,,
,121,Europe,Sardinia,,,,,,,,,,,,,
0101000020E61000009B559FABAD982940A0FD481119FA4440,37,Italy,Villas near Tivoli,Colle Vitriano,,Region IV,,,,,,locality,,,,
0101000020E610000020D4450A650D2640E9F010C64F8D4140,273,Africa,Africa Proconsularis,Acholla,House of the Triumph of Neptune,,precise,640,-330,"hellenistic-republican,roman,late-antique",Acholla,,,,,
,754,Europe,Silicia,Agrigento,Villa Durrueli di Realmonte,,,,,,,,,,,
0101000020E6100000EA6C12CD4DA529401159FF42EA694740,772,Europe,Noricum,Aguntum,Urban House,,precise,640,-30,"roman,late-antique",Aguntum,,,,,
,841,Europe,Gallia Narbonensis,Ain,Tomb Garden of M. R. Catullus,,,,,,,,,,,
,112,Africa,Cyrene,,,,wrong,,,,,,,,,
0101000020E61000005D15A8C5E0A921400D54C6BFCFF84140,1206,Africa,Africa Proconsularis,Althiburos,House of the Muses,,precise,640,-330,"hellenistic-republican,roman,late-antique",Althiburos,,,,,
0101000020E61000005D15A8C5E0A921400D54C6BFCFF84140,1207,Africa,Africa Proconsularis,Althiburos,House of the Fishing Scene,,precise,640,-330,"hellenistic-republican,roman,late-antique",Althiburos,,,,,
0101000020E6100000D2AC6C1FF2D61B40D7A546E867784940,5118,Europe,Germania Inferior,Colonia Claudia Ara Agrippinensium,House Wolfstrasse,,,,,,,,,,,
0101000020E6100000F3412A20488D294025A73CDB1FF84440,34,Italy,Villa Adriana,Canopus gardens,,Region IV,,,,,,verified,,,,
0101000020E6100000E17D552E54B63640E886A6ECF4FD4240,82,Europe,Achaia,Sikyon,Sanctuary of Demeter and Persephone,,rough,,,,,verified,,,,
,1426,Europe,Gallia Narbonensis,Andance,Villa de Chateau Pipet,,,,,,,,,,,
0101000020E610000037A5BC56425715401AC231CB9EEE4740,1437,Europe,Germania Superior,Andematunnum,Tomb garden of anonymous,,precise,640,-30,"roman,late-antique",Andematunnum,,,,,
,1569,Asia,Syria,Antioch,Private Houses,,,,,,,,,,,
,2907,Europe,Germania Superior,Aventicum,"House, insula 16",,,,,,,,,,,
0101000020E6100000F81B69803D2CF63F5FB8103769914440,1201,Europe,Hispania Tarraconensis,Altafulla,Villa de Els Munts,,,,,,,locality,,,Verified,
0101000020E6100000E7C75F5AD4A7E43FD95A5F24B49B4540,61,Europe,Gallia Aquitania,Montmaurin,Villa of Lasalles,,"precise
",,,,,,,,Verified,
0101000020E61000005692444840651240CDF84A62C1474640,995,Europe,Gallia Narbonensis,Alba Helviorum,Baths of La Planchette,,precise,640,-30,"roman,late-antique",Alba Helviorum,,,,Verified,
0101000020E6100000AB2AB0D726671240337F96F8ED474640,1002,Europe,Gallia Narbonensis,Alba Helviorum,Area with Porticoes B,,precise,640,-30,"roman,late-antique",Alba Helviorum,,,,Verified,
0101000020E6100000BB29C4A729671240666F84A07E474640,998,Europe,Gallia Narbonensis,Alba Helviorum,"Le Pinard, House A",,precise,640,-30,"roman,late-antique",Alba Helviorum,,,,Verified,
0101000020E61000007F0F24102B67124034FC23E383474640,999,Europe,Gallia Narbonensis,Alba Helviorum,"Le Pinard, House B",,precise,640,-30,"roman,late-antique",Alba Helviorum,,,,Verified,
0101000020E61000004D774B30A46412406C727CDDB7474640,997,Europe,Gallia Narbonensis,Alba Helviorum,Les Basaltes House A,,precise,640,-30,"roman,late-antique",Alba Helviorum,,,,Verified,
0101000020E6100000A5631050C86B1240607FC81121484640,1001,Europe,Gallia Narbonensis,Alba Helviorum,Villa of Le Plaine,,precise,640,-30,"roman,late-antique",Alba Helviorum,,,,Approximate,
0101000020E6100000B96E4A79AD0C3340E0BE0E9C33C84740,1939,Europe,Pannonia,Aquincum,Urban House,,precise,640,-30,"roman,late-antique",Aquincum,,,,,
0101000020E61000007DAEB6627F4121408DD5E6FF55154840,1984,Europe,Germania Superior,Arae Flaviae,Large building,,precise,300,-30,roman,Arae Flaviae,,,,,
,2027,Europe,Gallia Narbonensis,Arausio,House with polychrome mosaic,,,,,,,,,,,
,2028,Europe,Gallia Narbonensis,Arausio,House on Cours Portoules,,,,,,,,,,,
,2029,Europe,Gallia Narbonensis,Arausio,Sururban villa de la Brunette,,,,,,,,,,,
,2030,Europe,Gallia Narbonensis,Arausio,House of Mosaic with Menander,,,,,,,,,,,
,2031,Europe,Gallia Narbonensis,Arausio,House of Clodius,,,,,,,,,,,
0101000020E61000003A02B859BC082540789B374E0A034240,7921,Africa,Africa Proconsularis,Horea Caelia,House of the Two Peristyles,,,,,,,verified,,,,
,2115,Europe,Gallia Narbonensis,Arelate,Trinquetaille House 1,,,,,,,,,,,
,2116,Europe,Gallia Narbonensis,Arelate,House under Credit Agricole,,,,,,,,,,,
,2350,Africa,Aegyptus,Arsinoite Nome,Fayum,,,,,,,,,,,
0101000020E6100000E882FA9639B93C4041446ADAC5DA4240,1693,Asia,Asia,Aphrodisias,?,,precise,300,-550,"classical,hellenistic-republican,roman",Aphrodisias,verified,,,,
,2664,Europe,Achaia,Athens,Omega House,,,,,,,,,,,
,2665,Europe,Achaia,Athens,Gardens of Epicurus,,,,,,,,,,,
,2776,Europe,Germania Superior,Augusta Raurica,House in insula 1 and 2,,,,,,,,,,,
,2777,Europe,Germania Superior,Augusta Raurica,"House, insula 30",,,,,,,,,,,
0101000020E6100000DC0F786000B93740CD069964E4FC4240,2661,Europe,Achaia,Athens,Altar of 12 Gods,,rough,,,,,verified,,,,
0101000020E6100000E882FA9639B93C4041446ADAC5DA4240,1692,Asia,Asia,Aphrodisias,?,,precise,640,-330,"hellenistic-republican,roman,late-antique",Aphrodisias,verified,,,,
0101000020E6100000D89DEE3CF1B8374033A9A10DC0FC4240,2667,Europe,Achaia,Athens,Palace of Giants,,rough,,,,,verified,,,,
0101000020E6100000E882FA9639B93C4041446ADAC5DA4240,1694,Asia,Asia,Aphrodisias,?,,precise,640,-330,"hellenistic-republican,roman,late-antique",Aphrodisias,verified,,,,
0101000020E6100000E882FA9639B93C4041446ADAC5DA4240,1695,Asia,Asia,Aphrodisias,?,,precise,640,-330,"hellenistic-republican,roman,late-antique",Aphrodisias,verified,,,,
,2769,Europe,Lusitania,Augusta Emerita,House of hill garden,,,,,,,unknown,,,,
0101000020E61000007CA070D124754340A822707F895B19C0,2768,Europe,Lusitania,Augusta Emerita,House of Theater,,,,,,,close,,,,
0101000020E6100000E5DF1DCF1D75434005D8ECED3B6319C0,2767,Europe,Lusitania,Augusta Emerita,House in Alcazaba,,,,,,,close,,,,
0101000020E61000003E7958A8357543409F98501C9B6019C0,2773,Europe,Lusitania,Augusta Emerita,Temple of Diana,,,,,,,close,,,,
0101000020E61000001B33E43334754340DFE819B1055B19C0,2771,Europe,Lusitania,Augusta Emerita,Peristyle of Theater,,,,,,,close,,,,
0101000020E6100000AA8251499DA02940107A36AB3EF74440,4372,Italy,Villas near Tivoli,Cassius' Villa,,Region IV,,,,,,locality,,,,
0101000020E61000004EADE7395C1617C001AA132BFE614240,2092,Europe,Hispania Baetica,Arcos de la Frontera,Villa el Santiscal,,,,,,very close,locality,,,Verified,
0101000020E61000002A68A4EF7F21F43F95F239FBF3E94640,2802,Europe,Gallia Aquitania,Augustoritum,House in rue de Vigne de fer,,precise,640,-30,"roman,late-antique",Augustoritum,,,,Verified,
0101000020E6100000B588AC5E133CF43F7378EF4507EA4640,2794,Europe,Gallia Aquitania,Augustoritum,Opus Sectile and House of Opus Quadratum,,precise,640,-30,"roman,late-antique",Augustoritum,,,,Approximate,
0101000020E6100000DEC6EA7F4E3BF43F320F4F6507EA4640,2796,Europe,Gallia Aquitania,Augustoritum,House of Opus Sectile,,precise,640,-30,"roman,late-antique",Augustoritum,,,,Approximate,
0101000020E6100000291E7AFFDD3AF43F5B87170208EA4640,2801,Europe,Gallia Aquitania,Augustoritum,House of Large Vestibule,,precise,640,-30,"roman,late-antique",Augustoritum,,,,Approximate,
0101000020E61000002FBCD4008C14F43FEF1E5EDF20EA4640,2800,Europe,Gallia Aquitania,Augustoritum,House in Rue de Clairettes,,precise,640,-30,"roman,late-antique",Augustoritum,,,,Verified,
0101000020E6100000AD161A80F43AF43F6C49A2F20AEA4640,2797,Europe,Gallia Aquitania,Augustoritum,"House 35, Insula VII-5",,precise,640,-30,"roman,late-antique",Augustoritum,,,,Approximate,
0101000020E610000094245B9F6A3BF43F52CEFEDD0EEA4640,2799,Europe,Gallia Aquitania,Augustoritum,House with Small viridarium,,precise,640,-30,"roman,late-antique",Augustoritum,,,,Approximate,
0101000020E610000008E87C800719F43FCE3658B410EA4640,2798,Europe,Gallia Aquitania,Augustoritum,House with Aquatic décor,,precise,640,-30,"roman,late-antique",Augustoritum,,,,Approximate,
0101000020E61000008C7E1BFF913BF43FB645807011EA4640,2795,Europe,Gallia Aquitania,Augustoritum,House of Five Mosaics,,precise,640,-30,"roman,late-antique",Augustoritum,,,,Approximate,
0101000020E61000002E6B07C83CC715401A012E2B41C44540,1907,Europe,Gallia Narbonensis,Aquae Sextiae,"Jardins de Grassi, House with large peristyle",,unlocated,640,-30,"roman,late-antique",Aquae Sextiae,,,,Verified,
0101000020E6100000C2BAF95F11C41540DBB4844225C44540,1910,Europe,Gallia Narbonensis,Aquae Sextiae,"Enclos Milhaud, house with large peristyle",,unlocated,640,-30,"roman,late-antique",Aquae Sextiae,,,,Verified,
0101000020E610000037781508F1C315401D95D5532FC44540,1908,Europe,Gallia Narbonensis,Aquae Sextiae,"Enclos Reynaud, house with pool",,unlocated,640,-30,"roman,late-antique",Aquae Sextiae,,,,Approximate,
0101000020E61000008864E9BFDEC315405E162C3830C44540,1909,Europe,Gallia Narbonensis,Aquae Sextiae,"Enclos Reynaud, house with semicircular bay",,unlocated,640,-30,"roman,late-antique",Aquae Sextiae,,,,Approximate,
0101000020E61000008C57305CE3C81540BADFDBD359C44540,1911,Europe,Gallia Narbonensis,Aquae Sextiae,House under Pasteur,,unlocated,640,-30,"roman,late-antique",Aquae Sextiae,,,,Verified,
,2908,Europe,Germania Superior,Aventicum,"Palatial House, Insula 7",,,,,,,,,,,
,2909,Europe,Germania Superior,Aventicum,"House, Insula 13",,,,,,,,,,,
,3006,Europe,Germania Superior,Bad Kreuznach,Rural Villa,,,,,,,,,,,
0101000020E61000005D6DC5FEB29B29408F53742497F74440,3904,Italy,Villas near Tivoli,Brutus' Villa,,Region IV,,,,,,locality,,,,
0101000020E6100000E8A221E35136434021E9D32AFA7C4240,3296,Asia,Syria,Batnae,Imperial Residence,,precise,640,-30,"roman,late-antique",Batnae,,,,,
,3382,Europe,Hispania Baetica,Benalmadena-Costa,villa?,,,,,,,,,,,
0101000020E6100000211FF46C56BD2740CE1951DA1BB44640,17017,Italy,Patavium,Tomb garden of A. Coelius C.,,Region X,,,,,,locality,,,,
,3864,Europe,Gallia Narbonensis,Briord,Tomb garden,,,,,,,,,,,
0101000020E6100000E1575128B0A9244078F01307D06D4240,4338,Africa,Africa Proconsularis,Carthage,House of the Aviary,,precise,,,,,verified,,,,
,4034,Asia,Iudaea,Caesarea Maritima,Praetorium,,,,,,,,,,,
,4035,Asia,Iudaea,Caesarea Maritima,Herod's Promontory Palace,,,,,,,,,,,
,4212,Italy,Villas near Tivoli,Capito's Villa,,Region IV,,,,,,,,,,
,4336,Africa,Africa Proconsularis,Carthage,House of the Cryptoportico,,,,,,,,,,,
,4337,Africa,Africa Proconsularis,Carthage,House of Dionysos,,,,,,,,,,,
0101000020E6100000C64FE3DEFC222C40D099B4A9BA684440,3049,Italy,Campania,Baiae,,Region I,precise,640,-330,"hellenistic-republican,roman,late-antique",Baiae,verified,,,,
,4503,Europe,Gallia Narbonensis,Caumont-sur-Durance,Villa of St. Symphorien,,,,,,,,,,,
,4509,Europe,Gallia Narbonensis,Cavalaire-sur-Mer,Villa de Pardigon,,,,,,,,,,,
0101000020E6100000E675C4211B802C4027F73B14058B4440,4236,Italy,Campania,Capua,,Region I,precise,640,-750,"archaic,classical,hellenistic-republican,roman,late-antique",Capua,verified,,,,
0101000020E6100000844BC79C67741A402DEE3F321D2F4240,4900,Africa,Numidia,Cirta,Tomb garden,,precise,640,-330,"hellenistic-republican,roman,late-antique",Cirta,,,,,
0101000020E6100000E4141DC9E5BF2A40C3F5285C8FE24640,6847,Italy,Aquileia,Funerary Grove of C. Chryseros,,Region X,,,,,,locality,,,,
,4982,Africa,Africa Proconsularis,Clupea,Villa with Bust,,,,,,,,,,,
,4983,Africa,Africa Proconsularis,Clupea,House of the Two Hunts,,,,,,,,,,,
,5113,Europe,Gallia Belgica,Colonia Augusta Treverorum,Urban House,,,,,,,,,,,
0101000020E6100000CBE6DCB3CF8F2940A70B0CB416F84440,3928,Italy,Villa Adriana,Building east of Inferi Nymphaeum,,Region IV,,,,,,locality,,,,
,5144,Europe,Germania Inferior,Colonia Ulpia Traiana,"Houses, Insula 27",,,,,,,,,,,
0101000020E6100000C93CF20703FD20C0301812E6AC0C4440,5222,Europe,Lusitania,Conimbriga,House of skeleton,,precise,640,-750,"archaic,classical,hellenistic-republican,roman,late-antique",Conimbriga,,,,,
0101000020E6100000C93CF20703FD20C0301812E6AC0C4440,5223,Europe,Lusitania,Conimbriga,House of the Fountains,,precise,640,-750,"archaic,classical,hellenistic-republican,roman,late-antique",Conimbriga,,,,,
0101000020E6100000C93CF20703FD20C0301812E6AC0C4440,5224,Europe,Lusitania,Conimbriga,House of the Cantabar,,precise,640,-750,"archaic,classical,hellenistic-republican,roman,late-antique",Conimbriga,,,,,
,5290,Europe,Achaia,Corinth,Circus,,,,,,,,,,,
,5307,Europe,Pannonia,Cornuntum,Urban Houses,,,,,,,,,,,
0101000020E6100000711C78B5DC1907C0145E82531F984A40,4768,Europe,Britannia,Chester,Tomb painting?,,"rough
",,,,,,,,,
0101000020E6100000D2AC6C1FF2D61B40D7A546E867784940,5117,Europe,Germania Inferior,Colonia Claudia Ara Agrippinensium,House Gertrudenstrasse,,,,,,,,,,,
0101000020E6100000D2AC6C1FF2D61B40D7A546E867784940,5120,Europe,Germania Inferior,Colonia Claudia Ara Agrippinensium,Atrium House,,,,,,,,,,,
0101000020E610000006BCCCB051F22C40AEF545425B624440,3721,Italy,Campania,Boscoreale,,Region I,precise,300,-30,roman,Boscoreale,verified,,,,
0101000020E610000058E6ADBA0EED2C4086AA984A3F634440,3722,Italy,Campania,Boscotrecase,,Region I,precise,300,-30,roman,Boscotrecase,verified,,,,
0101000020E610000057941282553D224069520ABABD9E4140,15857,Africa,Africa Proconsularis,Sufetula,House of the seasons,,precise,640,-30,"roman,late-antique",Sufetula,verified,,,,
0101000020E6100000B730C15F821913C0AB485C32D4F04240,5140,Europe,Hispania Baetica,Colonia Patricia Corduba,Fountain statues,,,,,,,unknown,,likely to be museum collection,,
0101000020E610000067D47C957C003D40E415889E94854440,5533,Asia,Syria,Daphne,Temple of Apollo,,precise,640,300,late-antique,Daphne,,,,,
0101000020E61000008A5B0531D0D141406BF294D5749D4040,5534,Asia,Syria,Daphne,Temple of Apollo,,precise,300,-30,roman,Daphne,,,,,
0101000020E6100000D6E6FF5547124240E75608ABB1104240,5535,Asia,Syria,Daphne,Temple of Apollo,,precise,640,-330,"hellenistic-republican,roman,late-antique",Daphne,,,,,
0101000020E61000001118EB1B98AC3C40BC3FDEAB56304440,5574,Asia,Phrygia,Daskyleion,Satrapal Estate,,precise,300,-550,"classical,hellenistic-republican,roman",Daskyleion,,,,,
0101000020E61000008D3CF7BB031A17C035BF7184520B4240,3016,Europe,Hispania Baetica,Baelo Claudia,West House,,,,,,,locality,,,Verified,
0101000020E6100000C4CCC2C7F5A108C0A184DBD251F14240,14056,Europe,Hispania Baetica,Quesada,Villa Brunel,,,,,,,close,,,Verified,
0101000020E6100000D5EB1681B11EF93FE69C12EF84984440,4060,Europe,Hispania Tarraconensis,Calafell,Vilarenc,,,,,,,unknown,,the coordinates in GRE are wrong / can't find,Approximate,
0101000020E61000005945EA03EA09DBBF5F3B202218AA4540,3390,Europe,Gallia Aquitania,Beneharnum,Villa de Saint-Michel,,precise,640,-30,"roman,late-antique",Beneharnum,,,,Verified,
0101000020E610000055DEAF7E4353E63FC82743D984164640,4373,Europe,Gallia Aquitania,Castelculier,Villa Lamarque,,rough,,,,,,,,Verified,
0101000020E610000045DAC69FA8ACE4BF89D2DEE00B8D4640,3598,Europe,Gallia Aquitania,Blacciacum,Villa de Plassac,,precise,640,-30,"roman,late-antique",Blacciacum,,,,Verified,
0101000020E610000015B24EF0A8D419409D83674293BF4840,3701,Europe,Gallia Belgica,Borg,Villa Borg,,precise,,,,,,,,Verified,
0101000020E61000009AD2FA5B02103C40C7D8092FC1114440,5575,Asia,Phrygia,Daskyleion,Satrapal Estate,,precise,300,-750,"archaic,classical,hellenistic-republican,roman",Daskyleion,,,,,
0101000020E6100000FB95CE876745394002B859BC58B24240,5654,Europe,Achaia,Delos,Kitchen/Commercial gardens,,precise,-330,-550,classical,Delos,,,,,
0101000020E6100000D064FF3C0D5A3B402B65BE28E6F84240,6337,Asia,Asia,Ephesus,Terrace Houses,,precise,640,-750,"archaic,classical,hellenistic-republican,roman,late-antique",Ephesus,verified,,,,
0101000020E61000001AFF999C358C42C057981991839D1FC0,6479,Europe,Lusitania,Estoi,Villa Milreu,,,,,,,,,,,
,5758,Europe,Gallia Narbonensis,Die,Tomb garden of P. Calistus,,,,,,,,,,,
0101000020E6100000CDCCCCCCCC8C3E40427A8A1C22623D40,6527,Africa,Aegyptus,Euhemeria,Fayum,,,,,,,locality,,,,
0101000020E6100000363CBD5296E120400A68226C788A4640,17019,Italy,Vardagate,Tomb garden of V. Hermes,,Region IX,,,,,,locality,,,,
,5863,Europe,Gallia Belgica,Divodurum Mediomatricorum,Villa de Larry,,,,,,,,,,,
,5864,Europe,Gallia Belgica,Divodurum Mediomatricorum,House of the Arsenal,,,,,,,,,,,
,5865,Europe,Gallia Belgica,Divodurum Mediomatricorum,Villa des Rouaux,,,,,,,,,,,
,6098,Europe,Gallia Belgica,Echternach,Rural Villa,,,,,,,,,,,
,6143,Asia,Iudaea,Ein Gedi,Balsam Groves,,,,,,,,,,,
,6154,Europe,Pannonia,Eisenstadt,Rural Villa,,,,,,,,,,,
0101000020E61000009BABE639228F2C4027C11BD2A8C84240,6306,Europe,Silicia,Enna,Villa near Piazza Armerina,,precise,640,-550,"classical,hellenistic-republican,roman,late-antique",Enna,,,,,
0101000020E6100000399CF9D51C503F408B87F71C58123E40,18084,Africa,Aegyptus,Kanopos,Alexandria,,precise,,,,,,,,,
0101000020E6100000A3E6ABE4636F364027D87F9D9B8A4240,2814,Europe,Achaia,Aulis,Sanctuary of Artemis,,precise,640,-750,"archaic,classical,hellenistic-republican,roman,late-antique",Aulis,verified,,,,
0101000020E6100000082805C4C18D2940D982B59C91F84440,5346,Italy,Villa Adriana,Courtyard in Republican Villa,,Region IV,,,,,,verified,,,,
0101000020E6100000AD342905DD6A3E40B97020240B683D40,5820,Africa,Aegyptus,Dionysias,Fayum,,precise,640,-330,"hellenistic-republican,roman,late-antique",Dionysias,close,,,,
0101000020E61000000000003AA444394042054D4CA2B24240,5653,Europe,Achaia,Delos,Kitchen/Commercial gardens,,precise,300,-750,"archaic,classical,hellenistic-republican,roman",Delos,,,,,
0101000020E610000000000094A444394042054D4CA2B24240,5655,Europe,Achaia,Delos,Peristyle gardens,,precise,300,-750,"archaic,classical,hellenistic-republican,roman",Delos,,,,,
0101000020E6100000FFFFFF0B6845394012D40DE058B24240,5656,Europe,Achaia,Delos,Peristyle gardens,,precise,-330,-550,classical,Delos,,,,,
0101000020E61000002D3F709527A83640FFB3E6C75FB04240,6494,Europe,Achaia,Eua,Villa of Herodes Atticus,,precise,300,-550,"classical,hellenistic-republican,roman",Eua,verified,,,,
0101000020E6100000027E8D2441202F406422A5D93C624740,6710,Europe,Noricum,Flavia Solva,"Urban House, Insula 9",,precise,640,-30,"roman,late-antique",Flavia Solva,,,,,
,6717,Europe,Gallia Belgica,Fliessem-Otrang,Rural Villa,,,,,,,,,,,
0101000020E610000005323B8BDEDD2A40A3CEDC43C20B4740,6762,Europe,Gallia Narbonensis,Forum Iulii,Edifice of St. Antoine's Mound,,precise,640,-30,"roman,late-antique",Forum Iulii,,,,,
0101000020E610000005323B8BDEDD2A40A3CEDC43C20B4740,6763,Europe,Gallia Narbonensis,Forum Iulii,Edifice of Platform,,precise,640,-30,"roman,late-antique",Forum Iulii,,,,,
0101000020E610000005323B8BDEDD2A40A3CEDC43C20B4740,6764,Europe,Gallia Narbonensis,Forum Iulii,House on Formige Square,,precise,640,-30,"roman,late-antique",Forum Iulii,,,,,
0101000020E610000005323B8BDEDD2A40A3CEDC43C20B4740,6765,Europe,Gallia Narbonensis,Forum Iulii,"Tower Enclosure, House IIIA",,precise,640,-30,"roman,late-antique",Forum Iulii,,,,,
,6816,Europe,Germania Superior,Friedberg-Pfingstweide,Rural Villa,,,,,,,,,,,
0101000020E6100000F47619387FF704C02D120B63A8D54440,5384,Europe,Hispania Tarraconensis,Cuevas de Sona,Villa Dehesa de Soria,,,,,,,close,,,Verified,
0101000020E61000000BD1217024F80840C104C99640114540,6289,Europe,Hispania Tarraconensis,Emporiae,House of Peristyle,,precise,640,-750,"archaic,classical,hellenistic-republican,roman,late-antique",Emporiae,,,,Verified,
0101000020E61000003340166027F60840EE42528F5D114540,6288,Europe,Hispania Tarraconensis,Emporiae,House of L-shaped cistern,,precise,640,-750,"archaic,classical,hellenistic-republican,roman,late-antique",Emporiae,,,,Verified,
0101000020E6100000D2A19948E5F5084048D3C9E74F114540,6287,Europe,Hispania Tarraconensis,Emporiae,House of the Mosaic,,precise,640,-750,"archaic,classical,hellenistic-republican,roman,late-antique",Emporiae,,,,Verified,
0101000020E610000006C98ECF5CF60840899CF84939114540,6286,Europe,Hispania Tarraconensis,Emporiae,N7 domus H,,precise,640,-750,"archaic,classical,hellenistic-republican,roman,late-antique",Emporiae,,,,Verified,
0101000020E61000003A164640A6F10840B85EEC2023114540,6285,Europe,Hispania Tarraconensis,Emporiae,House R2,,precise,640,-750,"archaic,classical,hellenistic-republican,roman,late-antique",Emporiae,,,,Verified,
0101000020E6100000FA60191BBAD9D8BFAB59677C5FA24540,8592,Europe,Gallia Aquitania,Jurancon,Villa at Pont d'Oly,,"rough
",,,,,,,,Approximate,
0101000020E61000004DDBBFB2D264F03F4A438D42921F4640,6636,Europe,Gallia Aquitania,Fauroux,Sas-de-Marty,,rough,,,,,,,,Approximate,
0101000020E6100000F6A24D40D9211040E9BC84127FA04840,6024,Europe,Gallia Belgica,Durocortorum,House on Rue des Capucins,,precise,640,-330,"hellenistic-republican,roman,late-antique",Durocortorum,,,,Approximate,
0101000020E6100000B8791D50BA21104098B713BA85A04840,6022,Europe,Gallia Belgica,Durocortorum,House of the Ram,,precise,640,-330,"hellenistic-republican,roman,late-antique",Durocortorum,,,,Approximate,
0101000020E6100000EF654FC07E2910404DFD932A97A04840,6023,Europe,Gallia Belgica,Durocortorum,House aux Fleurons,,precise,640,-330,"hellenistic-republican,roman,late-antique",Durocortorum,,,,Approximate,
0101000020E610000082583673486A2540261E5036E5A54140,16852,Africa,Africa Proconsularis,Thysdrus,Sollertianna Domus,,precise,640,-330,"hellenistic-republican,roman,late-antique",Thysdrus,verified,,,,
0101000020E6100000F88903E8F78D2940259D581266F84440,6971,Italy,Villa Adriana,Garden between nymphaeum and praetorium,,Region IV,,,,,,verified,,,,
0101000020E610000082AD122C0E4725406D7022FAB5E94140,7412,Africa,Africa Proconsularis,Hadrumetum,House of Vergil,,precise,640,-330,"hellenistic-republican,roman,late-antique",Hadrumetum,close,,,,
0101000020E6100000A29BDC73898E2940C7E867874BF84440,6979,Italy,Villa Adriana,Garden of the Tomb,,Region IV,,,,,,locality,,,,
0101000020E6100000000000AC528D2940B4B60AEAB4F84440,6984,Italy,Villa Adriana,Garden under the library terrace,,Region IV,,,,,,verified,,,,
0101000020E610000000000070268C294011F019926EF84440,6977,Italy,Villa Adriana,Garden of Antinous' tomb,,Region IV,,,,,,verified,,,,
0101000020E61000000000002E2D3129400996E401A2104540,10284,Italy,Latium,Lucus Feroniae,,Region I,precise,640,-550,"classical,hellenistic-republican,roman,late-antique",Lucus Feroniae,verified,,,,
,7174,Europe,Gallia Narbonensis,Gilly-sur-Isere,Villa du Grand Verger,,,,,,,,,,,
0101000020E6100000C3D8429083FA3F4008043A9336D34340,7250,Asia,Phrygia,Gordion,Midas' Tomb,,precise,640,-750,"archaic,classical,hellenistic-republican,roman,late-antique",Gordion,,,,,
0101000020E610000082AD122C0E4725406D7022FAB5E94140,7411,Africa,Africa Proconsularis,Hadrumetum,House of the Masks,,precise,640,-330,"hellenistic-republican,roman,late-antique",Hadrumetum,,,,,
0101000020E6100000F0C16B9736203D406666666666F64240,7799,Asia,Asia,Hierapolis,Tomb Gardens,,precise,226,-330,"hellenistic-republican,roman-early-empire-parthian-middle-east",Hierapolis,verified,,,,
0101000020E6100000209A79724D011F4041B8020AF5704240,7871,Africa,Africa Proconsularis,Hippo Regius,Villa of the Sea Front,,precise,640,-330,"hellenistic-republican,roman,late-antique",Hippo Regius,,,,,
,7919,Italy,Villas near Tivoli,Horace's Sabine Villa,,Region IV,,,,,,,,,,
0101000020E6100000F0C16B9736203D406666666666F64240,7807,Asia,Asia,Hierapolis,Tomb Gardens,,precise,640,-30,"roman,late-antique",Hierapolis,verified,,,,
0101000020E6100000F0C16B9736203D406666666666F64240,7805,Asia,Asia,Hierapolis,Tomb Gardens,,precise,640,-330,"hellenistic-republican,roman,late-antique",Hierapolis,verified,,,,
0101000020E6100000F0C16B9736203D406666666666F64240,7803,Asia,Asia,Hierapolis,Tomb Gardens,,precise,640,-750,"archaic,classical,hellenistic-republican,roman,late-antique",Hierapolis,verified,,,,
0101000020E6100000F0C16B9736203D406666666666F64240,7804,Asia,Asia,Hierapolis,Tomb Gardens,,precise,640,-330,"hellenistic-republican,roman,late-antique",Hierapolis,verified,,,,
0101000020E6100000417906AAD29E41404F42A7EF4EAA3F40,7753,Asia,Iudaea,Herodium,Lower Terrace,,rough,,,,,,,,,
0101000020E6100000F0C16B9736203D406666666666F64240,7806,Asia,Asia,Hierapolis,Tomb Gardens,,precise,640,-330,"hellenistic-republican,roman,late-antique",Hierapolis,verified,,,,
0101000020E610000057B3CEF8BE7802C02829B000A6DC4940,6824,Europe,Britannia,Frocester Court,Rural Villa,,rough,,,,,,,,,
0101000020E61000001BCB05781C8E29409F16AC069BF84440,6975,Italy,Villa Adriana,Garden in Throne Hall,,Region IV,,,,,,site,,,,
0101000020E610000020D4450A650D2640E9F010C64F8D4140,274,Africa,Africa Proconsularis,Acholla,House of Asinus Rufinus,,precise,640,-330,"hellenistic-republican,roman,late-antique",Acholla,locality,,,,
0101000020E61000004A0C022B879629402041F163CCF54440,2089,Italy,Villas near Tivoli,Arcinelli's Villa,,Region IV,,,,,,locality,,,,
0101000020E61000009F3C2CD49AA624404A7B832F4C664640,6846,Italy,Parma,Funerary gardens of C. Praeconius,,Region VIII,,,,,,locality,,,,
0101000020E6100000A05802846A8E294014E55631AAF84440,6981,Italy,Villa Adriana,Garden on eastern side of Republican Villa,,Region IV,,,,,,verified,,,,
0101000020E6100000E579F4AF7A8E2940080D16B17CF84440,6974,Italy,Villa Adriana,Garden in Piazza d'Oro,,Region IV,,,,,,verified,,,,
0101000020E61000002E5B4645F7692240E514D33B4BED4140,10414,Africa,Africa Proconsularis,Mactaris,House of the two Juvenes,,precise,640,-330,"hellenistic-republican,roman,late-antique",Mactaris,verified,,,,
,7941,Asia,Arabia Petraea,Humeima,Shrine,,,,,,,,,,,
,7942,Europe,Germania Superior,Hummetroth,Rural Villa,,,,,,,,,,,
,8315,Africa,Mauretania Caesariensis,Iol (Caesarea),House of the Tennis Club,,,,,,,,,,,
,8316,Africa,Mauretania Caesariensis,Iol (Caesarea),House of the Two Pools,,,,,,,,,,,
,8317,Africa,Mauretania Caesariensis,Iol (Caesarea),Inscription,,,,,,,,,,,
,8319,Africa,Mauretania Caesariensis,Iol (Caesarea),House of the Cap Tizerine,,,,,,,,,,,
,8320,Africa,Mauretania Caesariensis,Iol (Caesarea),House of Kaid Youcef's Estate,,,,,,,,,,,
0101000020E6100000CAA99D616AAB03401CB7989F1B4C4240,8318,Africa,Mauretania Caesariensis,Iol (Caesarea),House of Jonchee,,,,,,,verified,,,,
0101000020E6100000DC4603780B804340CB42E0EDE6DE19C0,9868,Europe,Lusitania,Las Tiendas,Villa el Hinojal,,,,,,,very approximate,,,,
0101000020E61000000000000000A04440EC51B81E856B21C0,9917,Europe,Lusitania,Lavra,Fontao Villa,,,,,,,,,,,
,8578,Asia,Syria,Jebel Khalid,Governor's Palace,,,,,,,,,,,
0101000020E61000005ABDC3EDD0B84140D07F0F5EBBDE3F40,8581,Asia,Iudaea,Jericho,Hasmonean Palaces,,precise,1291,-18000,"mesolithic-levant,pre-pottery-neolithic-middle-east,pottery-neolithic-middle-east,2nd-millennium-bc-levant,crusader-seljuq-ayyubid-levant,mesolithic-middle-east",Jericho,,,,,
0101000020E6100000B8E9CF7EA46C3B402FDFFAB0DE844240,7454,Asia,Asia,Halicarnassus,Mausoleon,,precise,640,-550,"classical,hellenistic-republican,roman,late-antique",Halicarnassus,verified,,,,
0101000020E6100000FEB1F77F61AB18406CCA99168A1A4740,7081,Europe,Gallia Narbonensis,Genava,Suburban Villa,,precise,640,-330,"hellenistic-republican,roman,late-antique",Genava,,,,Approximate,
0101000020E61000000772BB5D50931840794829CFD9194740,7080,Europe,Gallia Narbonensis,Genava,Urban House,,precise,640,-330,"hellenistic-republican,roman,late-antique",Genava,,,,Approximate,
0101000020E61000005ABDC3EDD0B84140D07F0F5EBBDE3F40,8582,Asia,Iudaea,Jericho,Hasmonean Palaces,,precise,1291,-18000,"mesolithic-levant,pre-pottery-neolithic-middle-east,pottery-neolithic-middle-east,2nd-millennium-bc-levant,crusader-seljuq-ayyubid-levant,mesolithic-middle-east",Jericho,,,,,
0101000020E610000038DC26606431294097514DC59D104540,10286,Italy,Latium,Lucus Feroniae,Unnamed Villa,Region I,precise,640,-550,"classical,hellenistic-republican,roman,late-antique",Lucus Feroniae,site,,,,
0101000020E61000008CDCD3D51D714040111956F146554140,9500,Asia,Cyprus,Kourion,Sanctuary of Apollo Hylates,,precise,640,-750,"archaic,classical,hellenistic-republican,roman,late-antique",Kourion,,,,,
0101000020E61000008ECEF9298E630140E17A14AE47B14440,3188,Europe,Hispania Tarraconensis,Barcino,House of Condes de Barcelona St.,,,,,,,unknown,,can't find,,
0101000020E61000003333333333732B406F1283C0CAD94640,17937,Italy,Tegeste,Villa of the Statue,,Region X,,,,,,locality,,,,
0101000020E6100000B145DADF3C3329406D621614E5104540,10285,Italy,Latium,Lucus Feroniae,Unnamed Villa,Region I,precise,300,-330,"hellenistic-republican,roman",Lucus Feroniae,site,,,,
0101000020E610000049D6E1E82A652940ADC1FBAA5CD64440,9808,Italy,Latium,Lanuvium,,Region I,precise,640,-750,"archaic,classical,hellenistic-republican,roman,late-antique",Lanuvium,site,,,,
,10111,Europe,Hispania Tarraconensis,Liedena,Villa Romana,,,,,,,,,,,
,10253,Europe,Gallia Narbonensis,Loupian,Villa des Pres-Bas,,,,,,,,,,,
,13952,Europe,Gallia Narbonensis,Puissalicon,Montfau Site,,,,,,,,,,,
0101000020E61000002E5B4645F7692240E514D33B4BED4140,10413,Africa,Africa Proconsularis,Mactaris,House of Venus,,precise,640,-330,"hellenistic-republican,roman,late-antique",Mactaris,,,,,
0101000020E61000003A7826344980364065E3C116BB3D4340,9643,Europe,Achaia,Kyrtonos,Sanctuaries of Apollo and Nymphs,,rough,,,,,verified,,,,
0101000020E610000048A83A602E2C18C0C1221A387BB84240,8485,Europe,Hispania Baetica,Italica,House of the hidden path,,precise,640,-330,"hellenistic-republican,roman,late-antique",Italica,close,,,,
0101000020E6100000A9F92AF9D8DDE1BF1C5E10919AD64940,9874,Europe,Britannia,Latimer,rural Villa,,"precise
",,,,,,,,,
0101000020E6100000000000A2A68E2940680C477E72F84440,6973,Italy,Villa Adriana,Garden in nymphaeum,,Region IV,,,,,,verified,,,,
0101000020E610000007C7F2CF8833294076FF58880E114540,10282,Italy,Latium,Lucus Feroniae,Villa of the V. Saturnini,Region I,precise,640,-550,"classical,hellenistic-republican,roman,late-antique",Lucus Feroniae,verified,,,,
0101000020E6100000D8840F8013232C403310F4E5BF684440,3050,Italy,Campania,Baiae,,Region I,rough,640,-30,"roman,late-antique",Baiae,verified,,,,
0101000020E6100000A4C1F1A585332940E058E57C10114540,10281,Italy,Latium,Lucus Feroniae,Villa of the V. Saturnini,Region I,precise,300,-330,"hellenistic-republican,roman",Lucus Feroniae,verified,,,,
0101000020E61000005EAFD95FB03029409A53349CD3104540,10283,Italy,Latium,Lucus Feroniae,,Region I,precise,300,-330,"hellenistic-republican,roman",Lucus Feroniae,verified,,,,
0101000020E6100000000000C0BB012940B961881064F44440,17020,Italy,Latium,Tomb Gardens near Rome,,Region I,,,,,,rough,,,,
,10798,Europe,Gallia Narbonensis,Martres Tolosane,Villa Chiragan,,,,,,,,,,,
0101000020E6100000BC2594194AAD414006DE24613A523F40,10806,Asia,Iudaea,Masada,Herod's Palaces,,precise,640,-330,"hellenistic-republican,roman,late-antique",Masada,,,,,
,11134,Europe,Silicia,Messina,Villa Castroreale San Biagio,,,,,,,,,,,
,11302,Europe,Gallia Narbonensis,Modene,Cemetery of the Combe,,,,,,,,,,,
0101000020E6100000166A4DF38E932940C286A757CAFA4440,122,Italy,Tomb Garden of Valeria Athenais,,,Region IV,,,,,,rough,,,,
0101000020E6100000575D876A4A942840E26C848F52E04440,12487,Italy,Latium,Ostia,,Region I,precise,300,-30,roman,Ostia,verified,,,,
,11656,Europe,Gallia Narbonensis,Narbo Martius,"Clos de la Lombarde, House III",,,,,,,,,,,
,11657,Europe,Gallia Narbonensis,Narbo Martius,House with Porticoes,,,,,,,,,,,
0101000020E6100000F12A6B9BE2413B40355EBA490C704240,9464,Asia,Asia,Kos,Sanctuary of Asklepios,,precise,640,-550,"classical,hellenistic-republican,roman,late-antique",Kos,verified,,,,
0101000020E6100000AC1C5A643B9F2940E09C11A5BDF94440,10630,Italy,Villas near Tivoli,Manilius Vopiscus' Villa,,Region IV,,,,,,rough,,,,
0101000020E610000074D0251C7A7B25409291B3B0A7394240,11747,Africa,Africa Proconsularis,Neapolis,Nympharum Domus',,precise,640,-330,"hellenistic-republican,roman,late-antique",Neapolis,verified,,,,
0101000020E610000082583673486A2540261E5036E5A54140,16851,Africa,Africa Proconsularis,Thysdrus,House of peacock,,precise,640,-330,"hellenistic-republican,roman,late-antique",Thysdrus,verified,,,,
0101000020E6100000DA03ADC090413B40B5C6A01342B14240,5750,Asia,Asia,Didyma,Temple Grove,,precise,640,-750,"archaic,classical,hellenistic-republican,roman,late-antique",Didyma,verified,,,,
0101000020E6100000F0C16B9736203D406666666666F64240,7802,Asia,Asia,Hierapolis,Tomb Gardens,,precise,1200,-540,"achaemenid-middle-east,hellenistic-middle-east,roman-middle-east,roman-early-empire-parthian-middle-east,transition-roman-early-empire-late-antique,late-antique,late-antique-sasanian-middle-east,proto-byzantine,middle-byzantine",Hierapolis,verified,,,,
0101000020E610000025EA059FE6E4D3BF5376FA415DC04540,9750,Europe,Gallia Aquitania,Lalonquette,Villa de l'Arribera deus Gleisiars,,,,,,,,,,Verified,
0101000020E6100000F9156BB8C83DC9BFB58D3F51D9FA4540,9662,Europe,Gallia Aquitania,Labastide-d'Aramagnac,Villa of Geou,,rough,,,,,,,,Approximate,
0101000020E6100000F960DF6F306BF23FF9DE9D84EB824840,10928,Europe,Gallia Lugdunensis,Mediolanum Aulercorum,House on Rue de la Harpe,,precise,640,-30,"roman,late-antique",Mediolanum Aulercorum,,,,Verified,
0101000020E6100000E865DA1FA44613404E111AA038E14640,10293,Europe,Gallia Lugdunensis,Lugdunum,House of Masks,,precise,300,-30,roman,Lugdunum,,,,Verified,
0101000020E6100000957CEC2E500A3C40E816BA12813E4340,14763,Asia,Asia,Sardis,Palaestra,,wrong,640,-750,"archaic,classical,hellenistic-republican,roman,late-antique",Sardis,wrong,,,,
,11763,Europe,Germania Inferior,Neerharen-Rekem,Rural Villa,,,,,,,,,,,
0101000020E610000035423F53AF653840F7065F984C164640,14328,Europe,Dacia,Romula,Tomb garden of A. I. Iulianus,,precise,640,-30,"roman,late-antique",Romula,,,,,
0101000020E610000000000000000000000000000000000000,11583,Asia,Asia,Mytilene,Rural Estates,,wrong,640,-750,"archaic,classical,hellenistic-republican,roman,late-antique",Mytilene,wrong,,,,
0101000020E6100000BBB54C86E3353C404356B77A4E384240,14242,Asia,Asia,Rhodes,"Acropolis Groves, Rhodes",,precise,,,,,verified,,,,
0101000020E61000006F168ACFF887434050BFB0A140F41DC0,11356,Europe,Lusitania,Monforte,Villa de Torre de Palma,,,,,,,,,,,
0101000020E610000088307E1AF77E25409816F549EEDC4040,16949,Africa,Mauretania Tingitana,Tipasa,Villa of the Frescoes,,precise,640,-330,"hellenistic-republican,roman,late-antique",Tipasa,verified,,,,
0101000020E61000005D15A8C5E0A921400D54C6BFCFF84140,1208,Africa,Africa Proconsularis,Althiburos,House of the monument of Asklepieia,,precise,640,-330,"hellenistic-republican,roman,late-antique",Althiburos,locality,,,,
,11809,Europe,Gallia Belgica,Nennig,Rural Villa,,,,,,,,,,,
,11892,Europe,Germania Inferior,Niederzier,Hambach 69,,,,,,,,,,,
,11893,Europe,Germania Inferior,Niederzier,Hambach 59,,,,,,,,,,,
,12053,Europe,Gallia Lugdunensis,Noyal,Villa de Chatillon-sur-Seiche,,,,,,,,,,,
,12064,Europe,Hispania Tarraconensis,Nules,Villa del Benicato,,,,,,,,,,,
,12118,Europe,Germania Superior,Oberentfelden,Rural Villa,,,,,,,,,,,
0101000020E61000000C0742B280A13E409128B4ACFB7F3C40,12585,Africa,Aegyptus,Oxyrrynchite Nome,Middle Nile Valley,,,,,,,locality,,,,
,13953,Europe,Gallia Narbonensis,Puissalicon,Villa de la Condoumine,,,,,,,,,,,
,13824,Asia,Asia,Priene?,,,,,,,,,,,,
0101000020E6100000C2340C1F112F3B40DEAB5626FC904340,13089,Asia,Asia,Pergamum,Palace Peristyle,,rough,640,-750,"archaic,classical,hellenistic-republican,roman,late-antique",Pergamum,verified,,,,
0101000020E6100000C2340C1F112F3B40DEAB5626FC904340,13090,Asia,Asia,Pergamum,Temple Grove,,rough,640,-750,"archaic,classical,hellenistic-republican,roman,late-antique",Pergamum,verified,,,,
0101000020E610000004ABEAE57726374029CE5147C72F4340,12282,Europe,Achaia,Onchestos,Sanctuary of Poseidon,,precise,640,-750,"archaic,classical,hellenistic-republican,roman,late-antique",Onchestos,,,,,
0101000020E61000000341800C1DBF3F40C7B8E2E2A8903A40,12788,Africa,Aegyptus,Panoplis,Upper Nile Valley,,,,,,,locality,,,,
,12343,Europe,Germania Superior,Orbe,Rural Villa,,,,,,,,,,,
0101000020E61000003222516859D93740D2E5CDE15A024340,12732,Europe,Achaia,Pallene,Sanctuary of Ganymede/Heba,,precise,300,-550,"classical,hellenistic-republican,roman",Pallene,,,,,
0101000020E61000002593533BC3FC2840129F3BC1FEE34640,12709,Europe,Silicia,Palermo,House C,,unlocated,2100,1700,modern,Palermo,,,,,
0101000020E61000002593533BC3FC2840129F3BC1FEE34640,12710,Europe,Silicia,Palermo,House B,,unlocated,2100,1700,modern,Palermo,,,,,
0101000020E61000002593533BC3FC2840129F3BC1FEE34640,12711,Europe,Silicia,Palermo,House A,,unlocated,2100,1700,modern,Palermo,,,,,
,12991,Europe,Hispania Tarraconensis,Pedrosa de la Vega,La Olmeda,,,,,,,,,,,
0101000020E6100000637B2DE8BDA112C0EBEC7D0DB59B4240,967,Europe,Hispania Baetica,Alameda,Villa del Cortijo de los Vila,,,,,,,locality,,,Verified,
0101000020E61000008016432034D611C06291B2876EBE4240,6119,Europe,Hispania Baetica,Egabrum,House of the Mithra,,precise,640,300,late-antique,Egabrum,locality,,,Verified,
0101000020E610000050C422861DC6E43F2BDB87BCE59C4540,11374,Europe,Gallia Aquitania,Montmaurin,Villa of Hillere,,precise,,,,,,,,Verified,
0101000020E610000092E912064CFDCFBF79ED0C324DC14540,16235,Europe,Gallia Aquitania,Taron-Sadirac-Villenave,Villa de Taron,,rough,,,,,,,,Approximate,
0101000020E6100000384BC972124AC73F07978E39CFF84540,11375,Europe,Gallia Aquitania,Montreal,Villa de Seviac,,"precise
",,,,,,,,Verified,
0101000020E6100000C7653FFFFBDBD83F7D1D7A8396074640,11351,Europe,Gallia Aquitania,Moncrabeau,Villa de Bapteste,,rough,,,,,,,,Verified,
0101000020E61000002361E7BF6A691140464F1DEDB0EB4540,11784,Europe,Gallia Narbonensis,Nemausus,"Quarter of Benedictines, House B",,precise,640,-550,"classical,hellenistic-republican,roman,late-antique",Nemausus,,,,Verified,
0101000020E610000059C623443B6F1140AEA2BBFB4EEB4540,11787,Europe,Gallia Narbonensis,Nemausus,House in Rue Nationale,,precise,640,-550,"classical,hellenistic-republican,roman,late-antique",Nemausus,,,,Verified,
0101000020E6100000FC40C94F706A1140B60574F4B2EB4540,11786,Europe,Gallia Narbonensis,Nemausus,"Quarter of Benedictines, House C",,precise,640,-550,"classical,hellenistic-republican,roman,late-antique",Nemausus,,,,Verified,
0101000020E6100000535FF12FDD77114025DE6C3938EB4540,11788,Europe,Gallia Narbonensis,Nemausus,21 rue Seguier,,precise,640,-550,"classical,hellenistic-republican,roman,late-antique",Nemausus,,,,Approximate,
0101000020E6100000B11D08A0837011405D35112ECBEA4540,11791,Europe,Gallia Narbonensis,Nemausus,"Oscilla, pots",,precise,640,-550,"classical,hellenistic-republican,roman,late-antique",Nemausus,,,,Verified,
0101000020E610000029F2DA5B806C11402E51627C3DEB4540,11790,Europe,Gallia Narbonensis,Nemausus,Avenue Jean-Jaures,,precise,640,-550,"classical,hellenistic-republican,roman,late-antique",Nemausus,,,,Approximate,
0101000020E610000046BCD0B7606C114076A056EA3CEB4540,11789,Europe,Gallia Narbonensis,Nemausus,Tomb Garden of Graptus,,precise,640,-550,"classical,hellenistic-republican,roman,late-antique",Nemausus,,,,Approximate,
0101000020E610000043275B8F883A0640C8691D8F78254940,11797,Europe,Gallia Belgica,Nemetacum,House on Rue de la Fraternite,,precise,640,-330,"hellenistic-republican,roman,late-antique",Nemetacum,,,,Approximate,
0101000020E61000008D8F1ED8548C2940BDC227428FF84440,12975,Italy,Villa Adriana,Pecile garden,,Region IV,,,,,,verified,,,,
0101000020E6100000492EFF21FD362A405AF5B9DA8AF54440,11839,Italy,Villas near Tivoli,Nero's Villa,,Region IV,,,,,,rough,,,,
0101000020E61000004E62105839742C40CAC342AD69464440,4229,Italy,Campania,Capri,,Region I,,,,,,rough,,,,
0101000020E6100000CCC828E859A92440FFFFC55476664540,17922,Italy,Elba,Villa delle Grotte,,Region VII,,,,,,verified,,,,
0101000020E61000003D0FEECEDAB93740F99D2633DEFC4240,2663,Europe,Achaia,Athens,Hadrian's Library,,precise,,,,,verified,,,,
0101000020E61000007EF00CE04EBC3440A63152D68C834340,11928,Europe,Achaia,Nikopolis,Victory Monument of Augustus,,precise,640,300,late-antique,Nikopolis,verified,,,,
0101000020E61000007EF00CE04EBC3440A63152D68C834340,11929,Europe,Achaia,Nikopolis,Victory Monument of Augustus,,precise,640,-330,"hellenistic-republican,roman,late-antique",Nikopolis,verified,,,,
0101000020E61000003F92EDD7F8A03540AEE22231A0D14240,12252,Europe,Achaia,Olympia,Leonidaion,,precise,300,-750,"archaic,classical,hellenistic-republican,roman",Olympia,verified,,,,
0101000020E6100000AF33117858A135403FC5B3FCA7D14240,12253,Europe,Achaia,Olympia,Sanctuary of Zeus,,precise,300,-750,"archaic,classical,hellenistic-republican,roman",Olympia,verified,,,,
0101000020E610000001E20918B8A13540BE10F616A4D14240,12255,Europe,Achaia,Olympia,House of Nero,,precise,300,-750,"archaic,classical,hellenistic-republican,roman",Olympia,verified,,,,
0101000020E6100000242F0838C6A0354009519D929CD14240,12254,Europe,Achaia,Olympia,"Guest House I, II",,precise,300,-750,"archaic,classical,hellenistic-republican,roman",Olympia,verified,,,,
,13546,Italy,Latium,Pliny’s Laurentine Villa,,Region I,,,,,,,,,,
,13582,Italy,Barbariga,"Pola, Villa",,Region X,,,,,,,,,,
0101000020E6100000B0726891EDFC28402AA913D044004540,13826,Italy,Latium,Prima Porta (?),Livia,Region I,,,,,,verified,,,,
0101000020E6100000D26D895C7006D1BFF47002D369E74140,13709,Africa,Mauretania Tingitana,Portus Magnus,Large House,,precise,300,-550,"classical,hellenistic-republican,roman",Portus Magnus,,,,,
0101000020E6100000D26D895C7006D1BFF47002D369E74140,13711,Africa,Mauretania Tingitana,Portus Magnus,Small House,,precise,300,-550,"classical,hellenistic-republican,roman",Portus Magnus,,,,,
0101000020E6100000E6E95C514A2025401BDA006C40324240,13965,Africa,Africa Proconsularis,Puput,House of viridarium,,,,,,,verified,,,,
,14062,Italy,Villas near Tivoli,Quintilius Varus' Villa,,Region IV,,,,,,,,,,
,14096,Asia,Iudaea,Ranat Hanadiv,Palatial Complex,,,,,,,,,,,
,14216,Europe,Germania Inferior,Rheinbach-Flerzheim,Rural Villa,,,,,,,,,,,
,14241,Asia,Asia,Rhodes,"Palatial House, Rhodes",,,,,,,,,,,
,14277,Europe,Gallia Lugdunensis,Richebourg,Villa of Richebourg,,,,,,,,,,,
,14280,Europe,Hispania Tarraconensis,Rielves,Baths' of Rielves,,,,,,,,,,,
,14288,Europe,Hispania Tarraconensis,Rioseca di Sona,Villa los Quintanares,,,,,,,,,,,
,14316,Italy,Latium,Roman Gardens known from Writing,,Region I,,,,,,,,,,
0101000020E61000006C5ED5592D2025406A300DC347324240,13964,Africa,Africa Proconsularis,Puput,House of the black and white triclinium,,,,,,,verified,,,,
0101000020E6100000000000F8BB3625407D88FCAB28C04640,7317,Italy,Sirmio,Grotto of Catullus,,Region VIII,,,,,,verified,,,,
0101000020E6100000000000D04EF5284041B90C171FF34440,14317,Italy,Latium,Rome,,Region I,precise,2100,1700,modern,Rome,verified,,,,
0101000020E610000004CAA65CE13D2C40EA03C93B87694440,13972,Italy,Campania,Puteoli,,Region I,precise,640,-750,"archaic,classical,hellenistic-republican,roman,late-antique",Puteoli,verified,,,,
0101000020E6100000AA9D616A4B552F40C3D7D7BAD4EE4640,14329,Europe,Dacia,Romula,Tomb garden of A. I. Iulianus,,precise,640,-30,"roman,late-antique",Romula,,,,,
,14484,Europe,Gallia Narbonensis,Saint-Cyr-sur-Mer,Villa des Baumelles,,,,,,,,,,,
,14485,Europe,Gallia Lugdunensis,Sainte-Marguerite-sur-Mer,Villa,,,,,,,,,,,
,14486,Europe,Gallia Aquitania,Saint-Emilion,Villa du Pulat,,,,,,,,,,,
,14487,Europe,Gallia Aquitania,Saintes,Tomb garden of C.I. Aemulianus,,,,,,,,,,,
0101000020E6100000FFFFFFCFB3F928400B7CA1589DF14440,14318,Italy,Latium,Rome,Palatine,Region I,precise,2100,1700,modern,Rome,verified,,,,
0101000020E6100000000000A4EFF828408B2D4D1024F24440,14324,Italy,Latium,Rome,Aedes Atrium,Region I,precise,2100,1700,modern,Rome,verified,,,,
0101000020E61000009E6CDAF76EF828404BB7FCF28FF24440,14326,Italy,Latium,Rome,Forum Traiani,Region I,precise,2100,1700,modern,Rome,verified,,,,
0101000020E6100000ED3F1980994F2E40C7864DE89E144440,17709,Italy,Campania,Velia,,Region I,precise,300,-750,"archaic,classical,hellenistic-republican,roman",Velia,rough,,,,
0101000020E6100000CBA4E1EF72FC28400EE3A8BBB6F14440,14325,Italy,Latium,Rome,Templum Divi Claudii,Region I,precise,2100,1700,modern,Rome,rough,,,,
0101000020E61000007C941988C8FF2840A1CA7A7BA1F24440,14322,Italy,Latium,Rome,Porticus Liviae,Region I,precise,2100,1700,modern,Rome,rough,,,,
0101000020E6100000A4420AD8EDF328409E05C2CAF8F34440,14321,Italy,Latium,Rome,Mausoleum of Augustus,Region I,precise,2100,1700,modern,Rome,verified,,,,
0101000020E61000000000008847F9284033AB3DA413F24440,14320,Italy,Latium,Rome,Musaerum,Region I,precise,2100,1700,modern,Rome,,,,,
0101000020E61000007E8B4E965A6FE3BFC2340C1F11E14540,14489,Europe,Gallia Aquitania,Saint-Sever,Villa of Gleyzia d'Augreihl,,"precise
",,,,,,,,Verified,
0101000020E6100000CADFBDA3C684D6BFBFB7E9CF7EF24540,14483,Europe,Gallia Aquitania,Saint-Cricq-Villeneuve,Villa at Glesia,,rough,,,,,,,,Approximate,
0101000020E61000007768588CBAD6D53F4983DBDAC2114640,11825,Europe,Gallia Aquitania,Nerac,Villa of La Garenne,,rough,,,,,,,,Approximate,
0101000020E610000015C616821C643F40A6EECA2E18E03A40,1704,Africa,Aegyptus,Aphrodite Nome,Upper Nile Valley,,,,,,,"approximate; right area",,,,
0101000020E6100000F7B22760BFF428408C103F7B85F24440,14319,Italy,Latium,Rome,Divorum,Region I,precise,2100,1700,modern,Rome,rough,,,,
0101000020E610000004ABEAE577163C409163EB19C20B4240,14243,Asia,Asia,Rhodes,"Acropolis Grove, Lindos",,precise,,,,,verified,,,,
0101000020E6100000C6EBB078A07443401D65B3D9475D19C0,2770,Europe,Lusitania,Augusta Emerita,House of mithraeum,,,,,,,close,,,,
0101000020E610000000000000D0694140CB4D4AAFFBAC3E40,13144,Asia,Arabia Petraea,Petra,Pool and Garden Complex,,precise,640,-330,"hellenistic-republican,roman,late-antique",Petra,wrong,,,,
0101000020E610000024157C89677543405C9A1194915919C0,2766,Europe,Lusitania,Augusta Emerita,House of Amphitheater,,,,,,,close,,,,
0101000020E61000008F4F6D15697543400B19D9DF235C19C0,2772,Europe,Lusitania,Augusta Emerita,Houses of Museum,,,,,,,locality,,the location is a museum now,,
0101000020E6100000000000CCB67B3040B0FD439815C54540,14589,Europe,Dalmatia,Salona,Cemetery Garden,,precise,640,-330,"hellenistic-republican,roman,late-antique",Salona,,,,,
0101000020E6100000000080E2B67B3040B0FD439815C54540,14591,Europe,Dalmatia,Salona,Tomb Garden of Iulia Mutiana,,precise,640,-330,"hellenistic-republican,roman,late-antique",Salona,,,,,
0101000020E610000000000080E47B3040C1C37E1608C54540,14590,Europe,Dalmatia,Salona,Tomb Garden of Cingius Iustinus,,precise,640,-330,"hellenistic-republican,roman,late-antique",Salona,,,,,
,14708,Europe,Hispania Tarraconensis,Santervas del Burgo,Villa de los Villares,,,,,,,,,,,
,15076,Europe,Gallia Lugdunensis,Selongey,Villa des Tuilleries,,,,,,,,,,,
0101000020E6100000A94D9CDCEF102D406F8104C58F614440,14859,Italy,Campania,Scafati,,Region I,,,,,,verified,,,,
,15617,Europe,Gallia Aquitania,Sorde-l'Abbaye,Barat-de-Vin,,,,,,,,,,,
,15716,Europe,Hispania Tarraconensis,Sta. Colomba de Somoza,Villa el Soldan,,,,,,,,,,,
,15783,Europe,Gallia Narbonensis,St-Romain-en-Gal,House of the Ocean Gods,,,,,,,,,,,
,15784,Europe,Gallia Narbonensis,St-Romain-en-Gal,House of Five Mosaics,,,,,,,,,,,
,15785,Europe,Gallia Narbonensis,St-Romain-en-Gal,House of Sucellus,,,,,,,,,,,
,15786,Europe,Gallia Narbonensis,St-Romain-en-Gal,House with the Painted Portico,,,,,,,,,,,
,15787,Europe,Gallia Narbonensis,St-Romain-en-Gal,House of the Lion,,,,,,,,,,,
,15788,Europe,Gallia Narbonensis,St-Romain-en-Gal,House of the Columns,,,,,,,,,,,
,15789,Europe,Gallia Narbonensis,St-Romain-en-Gal,House of the Fish,,,,,,,,,,,
,15790,Europe,Gallia Narbonensis,St-Romain-en-Gal,House A under High School,,,,,,,,,,,
,15791,Europe,Gallia Narbonensis,St-Romain-en-Gal,House B under High School,,,,,,,,,,,
,15792,Europe,Gallia Narbonensis,St-Romain-en-Gal,House of the Dove,,,,,,,,,,,
,15977,Europe,Silicia,Syracuse,Villa Borgellusa di Avola,,,,,,,,,,,
,16182,Europe,Silicia,Taormina,Villa S. Pancrazio,,,,,,,,,,,
,16209,Europe,Gallia Narbonensis,Taradeau,Villa of St. Martin,,,,,,,,,,,
0101000020E610000015CAC2D7D7CE234021E527D53E334240,16795,Africa,Africa Proconsularis,Thuburbo Maius,House of Neptune,,precise,640,-330,"hellenistic-republican,roman,late-antique",Thuburbo Maius,verified,,,,
,16248,Europe,Hispania Tarraconensis,Tarraco,Schola of collegia Fabrum,,,,,,,,,,,
,16249,Europe,Hispania Tarraconensis,Tarraco,Theater,,,,,,,,,,,
0101000020E610000015CAC2D7D7CE234021E527D53E334240,16794,Africa,Africa Proconsularis,Thuburbo Maius,Peristyle Market,,precise,640,-330,"hellenistic-republican,roman,late-antique",Thuburbo Maius,,,,,
0101000020E610000015CAC2D7D7CE234021E527D53E334240,16797,Africa,Africa Proconsularis,Thuburbo Maius,House of Nicentus,,precise,640,-330,"hellenistic-republican,roman,late-antique",Thuburbo Maius,,,,,
0101000020E610000015CAC2D7D7CE234021E527D53E334240,16798,Africa,Africa Proconsularis,Thuburbo Maius,Peristyle of the Petronii,,precise,640,-330,"hellenistic-republican,roman,late-antique",Thuburbo Maius,,,,,
0101000020E610000015CAC2D7D7CE234021E527D53E334240,16800,Africa,Africa Proconsularis,Thuburbo Maius,Temple of Caelestis,,precise,640,-330,"hellenistic-republican,roman,late-antique",Thuburbo Maius,,,,,
0101000020E610000015CAC2D7D7CE234021E527D53E334240,16802,Africa,Africa Proconsularis,Thuburbo Maius,Building of three pools,,precise,640,-330,"hellenistic-republican,roman,late-antique",Thuburbo Maius,,,,,
0101000020E610000015CAC2D7D7CE234021E527D53E334240,16803,Africa,Africa Proconsularis,Thuburbo Maius,House of the protome,,precise,640,-330,"hellenistic-republican,roman,late-antique",Thuburbo Maius,,,,,
0101000020E6100000DFE00B93A9022840CAC342AD699E4540,12476,Italy,Cortona,Ossaia,,Region VII,,,,,,rough,,,,
0101000020E610000015CAC2D7D7CE234021E527D53E334240,16792,Africa,Africa Proconsularis,Thuburbo Maius,House of Trussed animals,,precise,640,-330,"hellenistic-republican,roman,late-antique",Thuburbo Maius,verified,,,,
0101000020E610000015CAC2D7D7CE234021E527D53E334240,16796,Africa,Africa Proconsularis,Thuburbo Maius,House of palms,,precise,640,-330,"hellenistic-republican,roman,late-antique",Thuburbo Maius,verified,,,,
0101000020E610000031EC0F18148D2940516B163F78F84440,15718,Italy,Villa Adriana,Stadium gardens,,Region IV,,,,,,verified,,,,
0101000020E610000015CAC2D7D7CE234021E527D53E334240,16799,Africa,Africa Proconsularis,Thuburbo Maius,Temple of Balaat,,precise,640,-330,"hellenistic-republican,roman,late-antique",Thuburbo Maius,verified,,,,
0101000020E610000015CAC2D7D7CE234021E527D53E334240,16801,Africa,Africa Proconsularis,Thuburbo Maius,East Temple,,precise,640,-330,"hellenistic-republican,roman,late-antique",Thuburbo Maius,verified,,,,
0101000020E61000008CF337A1108106C023BBD23252F14340,14996,Europe,Hispania Tarraconensis,Segobriga,Bath Complex,,precise,640,-330,"hellenistic-republican,roman,late-antique",Segobriga,,,,Verified,
0101000020E61000002BA391CF2BDEF0BF1EFD2FD7A2C34540,15616,Europe,Gallia Aquitania,Sorde-l'Abbaye,Villa,,,,,,,,,,Approximate,
0101000020E610000015CAC2D7D7CE234021E527D53E334240,16793,Africa,Africa Proconsularis,Thuburbo Maius,House of Bacchus and Ariadne,,precise,640,-330,"hellenistic-republican,roman,late-antique",Thuburbo Maius,verified,,,,
0101000020E6100000466117450F702240B438639813364240,16809,Africa,Africa Proconsularis,Thugga,House Omnia tibi felicia,,precise,640,-330,"hellenistic-republican,roman,late-antique",Thugga,verified,,,,
0101000020E61000008B5242B0AADE19405985CD0017BE4140,16544,Africa,Numidia,Thamagudi,Tomb garden of Cicero Thabudeiensis,,,,,,,verified,,,,
0101000020E610000006802A6EDCFA3A405131CEDF84E24240,14663,Asia,Asia,Samos,Private House?,,rough,300,-550,"classical,hellenistic-republican,roman",Samos,verified,,,,
0101000020E610000006802A6EDCFA3A405131CEDF84E24240,14664,Asia,Asia,Samos,Private House?,,rough,-550,-750,archaic,Samos,verified,,,,
0101000020E610000082583673486A2540261E5036E5A54140,16850,Africa,Africa Proconsularis,Thysdrus,House of Africa,,precise,640,-330,"hellenistic-republican,roman,late-antique",Thysdrus,,,,,
0101000020E610000082583673486A2540261E5036E5A54140,16854,Africa,Africa Proconsularis,Thysdrus,House of Lucius Verus,,precise,640,-330,"hellenistic-republican,roman,late-antique",Thysdrus,,,,,
0101000020E610000031992A1895142940A779C7293A124540,17018,Italy,Capena,Tomb garden of L. Chaerusa,,Region VII,,,,,,rough,,,,
0101000020E610000082583673486A2540261E5036E5A54140,16855,Africa,Africa Proconsularis,Thysdrus,House of Dolphins,,precise,640,-330,"hellenistic-republican,roman,late-antique",Thysdrus,verified,,,,
0101000020E610000036AB3E575B512A40764F1E166AED4440,17116,Italy,Arcinazzo Romano,Trajan's Villa,,Region IV,,,,,,rough,,,,
,17075,Europe,Gallia Narbonensis,Touvres,Villa de Muscapeau,,,,,,,,,,,
,17423,Asia,Syria,Tyre,Tomb Garden,,,,,,,,,,,
0101000020E61000004700378B179A414024B4E55C8AA24040,17433,Asia,Syria,Tyros,Iraq-el Amir,,precise,1204,-2000,"2nd-millennium-bc-levant,neo-assyrian-babylonian-middle-east,achaemenid-middle-east,achaemenid-roman-republic-middle-east,hellenistic-middle-east,hellenistic-roman-early-empire,roman-middle-east,roman-early-empire-parthian-middle-east,roman,transition-roman-early-empire-late-antique,late-antique,late-antique-sasanian-middle-east,proto-byzantine,crusader-byzantine-seljuq-middle-east",Tyros,,,,,
0101000020E61000004D10751F80FC444077A1B94E233B4140,17434,Asia,Syria,Tyros,Iraq-el Amir,,precise,300,-30,roman,Tyros,,,,,
,17600,Africa,Africa Proconsularis,Uzitta,???,,,,,,,,,,,
0101000020E6100000466117450F702240B438639813364240,16810,Africa,Africa Proconsularis,Thugga,House of Trifolium,,precise,640,-330,"hellenistic-republican,roman,late-antique",Thugga,verified,,,,
,17675,Europe,Gallia Narbonensis,Vasio Voncontorium,House of the peacock,,,,,,,,,,,
,17676,Europe,Gallia Narbonensis,Vasio Voncontorium,House of Laurel-wreathed Apollo,,,,,,,,,,,
,17677,Europe,Gallia Narbonensis,Vasio Voncontorium,House with Arbor,,,,,,,,,,,
,17678,Europe,Gallia Narbonensis,Vasio Voncontorium,House of Dolphin,,,,,,,,,,,
,17679,Europe,Gallia Narbonensis,Vasio Voncontorium,House of Silver Bust,,,,,,,,,,,
,17743,Italy,Villas near Tivoli,Ventidius Bassus' Villa,,Region IV,,,,,,,,,,
0101000020E61000001118EB1B981C1840B2648EE55D9E4740,17785,Europe,Germania Superior,Vesontio,House in Rue du Palais de Justice,,precise,640,-330,"hellenistic-republican,roman,late-antique",Vesontio,,,,,
0101000020E6100000466117450F702240B438639813364240,16811,Africa,Africa Proconsularis,Thugga,Theater,,precise,640,-330,"hellenistic-republican,roman,late-antique",Thugga,verified,,,,
0101000020E610000082583673486A2540261E5036E5A54140,16853,Africa,Africa Proconsularis,Thysdrus,House of white mosaics,,precise,640,-330,"hellenistic-republican,roman,late-antique",Thysdrus,verified,,,,
0101000020E6100000A0EA2500DEAA2C40A3250B6F414D4440,59,Italy,Campania,Massa Lubrense,,Region I,,,,,,rough,,,,
0101000020E61000004FCAA48636582440C7D8092FC14D4240,17574,Africa,Africa Proconsularis,Uthina,House of Icarios,,precise,640,-30,"roman,late-antique",Uthina,verified,,,,
0101000020E61000009E29745E631F24402026E1421E874240,17578,Africa,Africa Proconsularis,Utica,House of the Cascade,,precise,640,-750,"archaic,classical,hellenistic-republican,roman,late-antique",Utica,verified,,,,
0101000020E61000009E29745E631F24402026E1421E874240,17576,Africa,Africa Proconsularis,Utica,House of the figured basins,,precise,640,-750,"archaic,classical,hellenistic-republican,roman,late-antique",Utica,verified,,,,
0101000020E61000009E29745E631F24402026E1421E874240,17580,Africa,Africa Proconsularis,Utica,House of grand oecus,,precise,640,-750,"archaic,classical,hellenistic-republican,roman,late-antique",Utica,verified,,,,
0101000020E61000009E29745E631F24402026E1421E874240,17575,Africa,Africa Proconsularis,Utica,House H,,precise,640,-750,"archaic,classical,hellenistic-republican,roman,late-antique",Utica,verified,,,,
0101000020E61000009E29745E631F24402026E1421E874240,17577,Africa,Africa Proconsularis,Utica,House of the Treasure,,precise,640,-750,"archaic,classical,hellenistic-republican,roman,late-antique",Utica,verified,,,,
0101000020E61000009E29745E631F24402026E1421E874240,17579,Africa,Africa Proconsularis,Utica,"Insula II, lot 4",,precise,640,-750,"archaic,classical,hellenistic-republican,roman,late-antique",Utica,verified,,,,
0101000020E61000000000000000001F400000000000204240,16950,Africa,Mauretania Tingitana,Tipasa,Villa of the Frescoes,,rough,640,-330,"hellenistic-republican,roman,late-antique",Tipasa,verified,,,,
0101000020E61000008048BF7D1D3816C0E17A14AE47094140,18038,Africa,Mauretania Tingitana,Volubilis,House of Ephebe,,precise,640,-330,"hellenistic-republican,roman,late-antique",Volubilis,verified,,,,
0101000020E61000005B7C0A80F10CE63FC2DF2F664B8C4540,17620,Europe,Gallia Aquitania,Valentine,Villa of Arnesp,,precise,,,,,,,,Verified,
0101000020E61000009F909DB7B1E72C40834B6CE3F4604440,12328,Italy,Campania,Oplontis,,Region I,precise,300,-330,"hellenistic-republican,roman",Oplontis,verified,,,,
0101000020E610000009A2302062880340AB1EF6630F4C4240,16948,Africa,Mauretania Tingitana,Tipasa,Villa of the Frescoes,,precise,640,-550,"classical,hellenistic-republican,roman,late-antique",Tipasa,verified,,,,
0101000020E6100000F12A6B9BE2413B40355EBA490C704240,9465,Asia,Asia,Kos,Sanctuary of Asklepios,,precise,640,-330,"hellenistic-republican,roman,late-antique",Kos,verified,,,,
,18087,,,,,,,,,,,,,,,
0101000020E61000000000000050F64340B0987075853E4140,17435,Asia,Syria,Tyros,Iraq-el Amir,,precise,300,-550,"classical,hellenistic-republican,roman",Tyros,,,,,
0101000020E61000001118EB1B981C1840B2648EE55D9E4740,17786,Europe,Germania Superior,Vesontio,Structures under college Lumiere,,precise,640,-330,"hellenistic-republican,roman,late-antique",Vesontio,,,,,
0101000020E6100000E0EFBCF9B2F9E63F4F50D4E388974640,17792,Europe,Gallia Aquitania,Vesunna,Domus Campniac,,precise,640,-30,"roman,late-antique",Vesunna,,,,,
0101000020E6100000E0EFBCF9B2F9E63F4F50D4E388974640,17793,Europe,Gallia Aquitania,Vesunna,House of Vesunna,,precise,640,-30,"roman,late-antique",Vesunna,,,,,
,17795,Europe,Germania Inferior,Vetera Casta,Legionary Houses,,,,,,,,,,,
,17903,Europe,Gallia Narbonensis,Vienna,House of the head of Ivory,,,,,,,,,,,
,17904,Europe,Gallia Narbonensis,Vienna,House in Rue des Colonnes,,,,,,,,,,,
,17905,Europe,Gallia Narbonensis,Vienna,House of Orpheus,,,,,,,,,,,
,17906,Europe,Gallia Narbonensis,Vienna,House of Bacchus and Ariadne,,,,,,,,,,,
,17907,Europe,Gallia Narbonensis,Vienna,House of the Nympheas,,,,,,,,,,,
,17908,Europe,Gallia Narbonensis,Vienna,"Nympheas, House of the Atrium",,,,,,,,,,,
,17910,Europe,Gallia Belgica,Vierherrenborn,Rural Villa,,,,,,,,,,,
,17915,Italy,Desenzano,Villa,,Region VIII,,,,,,,,,,
0101000020E610000000000000B6792B404245EB3B49D94640,17936,Italy,Tegeste,Villa of the Bath,,Region X,,,,,,rough,,,,
0101000020E6100000B481E8077DF828403BABE4E72FF24440,14323,Italy,Latium,Rome,Forum Romanum,Region I,precise,2100,1700,modern,Rome,verified,,,,
0101000020E61000009964E42CECE9E9BF97395D16136B4940,6696,Europe,Britannia,Fishbourne,Villa,,precise,,,,,,,,,
0101000020E61000006ADE718A8EA423409FCDAACFD50E4640,17919,Italy,La Spezia,Villa at Luna,,Region IX,,,,,,rough,,,,
,17934,Italy,Villas near Tivoli,Villa of Pianelle dei Signori Reali,,Region IV,,,,,,,,,,
,17938,Italy,Villas near Tivoli,Villa of Vibii Vari,,Region IV,,,,,,,,,,
,17959,Europe,Gallia Lugdunensis,Vindinum,House on Place des Halles,,,,,,,,,,,
,18021,Europe,Germania Inferior,Voerendaal,Rural Villa,,,,,,,,,,,
,18074,Europe,Gallia Belgica,Welschbillig,Rural Villa,,,,,,,,,,,
,18077,Europe,Germania Superior,Wiesbaden-Biebrich,Rural Villa,,,,,,,,,,,
,18078,Europe,Pannonia,Winden am see,Rural Villa,,,,,,,,,,,
,18079,Europe,Germania Superior,Winkel-Seeb,Rural Villa,,,,,,,,,,,
0101000020E6100000780B24287ECC2840A089B0E1E9C54640,17016,Italy,Altinum,"Tomb garden, l. Patroclus",,Region X,,,,,,rough,,,,
0101000020E61000006AF7AB00DF6DE9BF5516855D14074A40,3143,Europe,Britannia,Bancroft,Rural Villa,,"precise
",,,,,,,,,
,32,Europe,Germania Inferior,Blackenheim,Rural Villa,,,,,,,,,,,
0101000020E6100000D734EF3845A72640C976BE9F1A374540,17920,Italy,Orbetello,Villa at Settefinestre,,Region VII,,,,,,verified,,,,
0101000020E6100000D47FD6FCF8CBFEBFCD237F30F0E84940,36,Europe,Britannia,Chedworth,Rural Villa,,precise,,,,,,,,,
0101000020E6100000A301BC0512F42840AA60545227684540,13825,Italy,Latium,Prima Porta (?),,Region I,,,,,,rough,,,,
0101000020E6100000DF89592F86F2EC3F89963C9E96F14940,4153,Europe,Britannia,Camulodunum,Suburban gardens,,"rough
",,,,,,,,,
0101000020E6100000C0D02346CF2D01C0C3F17C06D4E94940,7012,Europe,Britannia,Gatcombe,Rural Villa,,rough,,,,,,,,,
0101000020E6100000D2AC6C1FF2D61B40D7A546E867784940,5119,Europe,Germania Inferior,Colonia Claudia Ara Agrippinensium,House Lungenstrasse,,,,,,,,,,,
0101000020E610000044FAEDEBC0392540280F0BB5A6D14640,17916,Italy,Toscolano Maderno,Villa,,Region VIII,,,,,,rough,,,,
0101000020E6100000D2AC6C1FF2D61B40D7A546E867784940,5121,Europe,Germania Inferior,Colonia Claudia Ara Agrippinensium,House of Dionysos,,,,,,,,,,,
0101000020E6100000E8D9ACFA5CCD2940FF21FDF675084540,17933,Italy,Villas near Tivoli,Villa of Horace,,Region IV,,,,,,verified,,,,
0101000020E6100000950ED6FF39AA2B4050D80B267ABD4440,4369,Italy,Latium,Cassino,,Region I,unlocated,2100,1700,modern,Cassino,rough,,,,
0101000020E61000008048BF7D1D3816C0E17A14AE47094140,18039,Africa,Mauretania Tingitana,Volubilis,House of Columns,,precise,640,-330,"hellenistic-republican,roman,late-antique",Volubilis,verified,,,,
0101000020E61000008048BF7D1D3816C0E17A14AE47094140,18040,Africa,Mauretania Tingitana,Volubilis,House of Labors of Hercules,,precise,640,-330,"hellenistic-republican,roman,late-antique",Volubilis,verified,,,,
0101000020E61000008048BF7D1D3816C0E17A14AE47094140,18042,Africa,Mauretania Tingitana,Volubilis,House of the Venus Mosaic,,precise,640,-330,"hellenistic-republican,roman,late-antique",Volubilis,verified,,,,
0101000020E61000008048BF7D1D3816C0E17A14AE47094140,18041,Africa,Mauretania Tingitana,Volubilis,House of Flavius Germanus,,precise,640,-330,"hellenistic-republican,roman,late-antique",Volubilis,verified,,,,
0101000020E61000004467FC6FE3FC28407F45A77C42F24440,14327,Italy,Latium,Rome,Domus Aurea,Region I,precise,2100,1700,modern,Rome,rough,,,,
0101000020E61000001E166A4DF39E41407CF2B0506BAA3F40,7754,Asia,Iudaea,Herodium,Fortress Palace,,rough,,,,,,,,,
0101000020E61000008048BF7D1D3816C0E17A14AE47094140,18037,Africa,Mauretania Tingitana,Volubilis,Gordinian Palace,,precise,640,-330,"hellenistic-republican,roman,late-antique",Volubilis,verified,,,,
0101000020E6100000E0EFBCF9B2F9E63F4F50D4E388974640,17794,Europe,Gallia Aquitania,Vesunna,"House of ""Visitation""",,precise,640,-30,"roman,late-antique",Vesunna,,,,Approximate,
0101000020E6100000166A4DF38E732940492EFF21FDFE4440,17935,Italy,Villas near Tivoli,Villa of St. Stefano near Montecelio,,Region IV,,,,,,rough,,,,
0101000020E6100000E4C2DC499F1C43409578E51F22621FC0,17914,Europe,Lusitania,Vila de Frades,Villa Sao Cucufate,,,,,,,,,,,
0101000020E61000002E7079AC1919D23FA647533D99B74940,5558,Europe,Britannia,Darenth,Rural Villa,,rough,,,,,,,,,
0101000020E6100000E04BE141B3EBD6BFDF89592F86E04940,7259,Europe,Britannia,Gorhambury,Rural Villa,,"rough
",,,,,,,,,
0101000020E6100000BC5983F755F9FEBF0DDFC2BAF1F64940,15841,Europe,Britannia,Sudeley/Spoonley Wood,Rural Villa,,"rough
",,,,,,,,,
0101000020E61000007C7C4276DEC6DD3FCBD8D0CDFEA84940,6088,Europe,Britannia,Eccles,Rural Villa,,rough,,,,,,,,,
0101000020E61000004F1E166A4D932640302AA913D0344540,104,Italy,Cosa,,,Region VII,,,,,,rough,,,,
0101000020E6100000BC749318041630406B9A779CA27B4440,114,Italy,Spinazzola,,,Region II,,,,,,rough,,,,
0101000020E610000000000058049A2840962E938491084540,17921,Italy,Bracciano,Villa dell'Acqua Claudia,,Region VII,,,,,,verified,,,,
0101000020E6100000EB387EA834B22C40F35A09DD25674440,7694,Italy,Campania,Herculaneum,,Region I,precise,300,-550,"classical,hellenistic-republican,roman",Herculaneum,rough,,,,
0101000020E6100000FA6F140FDE2837401ABF95911FD14240,6345,Europe,Achaia,Epidauros,Sanctuary of Hyrnetho,,rough,300,-750,"archaic,classical,hellenistic-republican,roman",Epidauros,verified,,,,
0101000020E6100000420A9E42AEB83740923CD7F7E1FC4240,2662,Europe,Achaia,Athens,Temple of Hephaistos,,precise,,,,,verified,,,,
0101000020E6100000754BDD5BB28C29400B133E42EAF84440,6972,Italy,Villa Adriana,Garden in belvedere of Temple of Venus of Cnidus,,Region IV,,,,,,rough,,,,
0101000020E610000089B002F87E8D294021B3ED93A7F84440,10089,Italy,Villa Adriana,Library peristyle,,Region IV,,,,,,verified,,,,
0101000020E6100000D797D7D7DB8C2940987219926EF84440,6982,Italy,Villa Adriana,Gardens between the small baths and the three exedrae hall,,Region IV,,,,,,verified,,,,
0101000020E6100000A983BC1E4CBE374024253D0CADFC4240,2666,Europe,Achaia,Athens,Gymnasia and groves,,precise,,,,,verified,,,,
0101000020E61000001D1ADCF7248D294057DC0B0EA7F84440,6980,Italy,Villa Adriana,Garden of triclinium north of maritime theater,,Region IV,,,,,,verified,,,,
0101000020E6100000569E40D829BA37408DB5BFB33DFC4240,2668,Europe,Achaia,Athens,Houses near Areopagus,,rough,,,,,verified,,,,
0101000020E61000001E490F64B98C294048A3A76DE8F84440,6970,Italy,Villa Adriana,Garden area under Temple of Venus of Cnidus,,Region IV,,,,,,rough,,,,
0101000020E610000000000010A28E294085F8118ED4F84440,6976,Italy,Villa Adriana,Garden in Valley of Tempe,,Region IV,,,,,,verified,,,,
0101000020E6100000FFFFFFBD7E312940ED2C98E292104540,10288,Italy,Latium,Lucus Feroniae,Villa della Standa,Region I,precise,640,-550,"classical,hellenistic-republican,roman,late-antique",Lucus Feroniae,rough,,,,
0101000020E61000008850002082443940809A39A86DB34240,5657,Europe,Achaia,Delos,Agora of Italians,,precise,300,-750,"archaic,classical,hellenistic-republican,roman",Delos,verified,,,,
0101000020E6100000806F26E8278B29409EFF473BA8F84440,6983,Italy,Villa Adriana,Garden Terrace,,Region IV,,,,,,rough,,,,
0101000020E610000061C614AC718C29402E6A202BB2F84440,6316,Italy,Villa Adriana,Entrance to Villa,,Region IV,,,,,,rough,,,,
0101000020E6100000B3651258AD2036407C0D5E47DEB44240,10951,Europe,Achaia,Megalopolis,Sanctuary of Zeus,,rough,300,-550,"classical,hellenistic-republican,roman",Megalopolis,verified,,,,
0101000020E6100000885000208244394092B92A376EB34240,5658,Europe,Achaia,Delos,Agora of Italians,,precise,-330,-550,classical,Delos,verified,,,,
0101000020E6100000D69D17BC228F2940F69DBA4D13F84440,6978,Italy,Villa Adriana,Garden of inferi nymphaeum,,Region IV,,,,,,rough,,,,
0101000020E61000007314FFFB7C8B2940C100806BC0F84440,93,Italy,Villa Adriana,Terraced garden,,Region IV,,,,,,rough,,,,
0101000020E6100000B3651258AD2036407C0D5E47DEB44240,10952,Europe,Achaia,Megalopolis,Sanctuary of Zeus,,rough,640,-750,"archaic,hellenistic-republican,roman,late-antique",Megalopolis,verified,,,,
0101000020E6100000AF93FAB2B49F3640C823B891B2F54240,16967,Europe,Achaia,Titane,Shrine of the Fates,,rough,300,-750,"archaic,classical,hellenistic-republican,roman",Titane,verified,,,,
0101000020E610000047F9EEFBDCB53640083CEE639EE74240,11794,Europe,Achaia,Nemea,Sanctuary of Zeus,,precise,300,-750,"archaic,classical,hellenistic-republican,roman",Nemea,verified,,,,
0101000020E6100000D2F6F9394FBC3440A63152D68C834340,11927,Europe,Achaia,Nikopolis,Victory Monument of Augustus,,precise,300,-30,roman,Nikopolis,verified,,,,
0101000020E6100000575D876A4A942840E26C848F52E04440,12486,Italy,Latium,Ostia,,Region I,precise,640,-750,"archaic,classical,hellenistic-republican,roman,late-antique",Ostia,verified,,,,
0101000020E6100000FE27033033FE36402A88E4D838F54240,8470,Europe,Achaia,Isthmia,Sanctuary of Poseidon,,precise,-550,-750,archaic,Isthmia,verified,,,,
0101000020E6100000A190F0FFDB843740BBE70A009FDE4240,650,Europe,Achaia,Aegina,Temple Grove,,rough,640,-750,"archaic,classical,hellenistic-republican,roman,late-antique",Aegina,verified,,,,
0101000020E6100000230AF33F753129402B15B77EB8104540,10287,Italy,Latium,Lucus Feroniae,Villa della Standa,Region I,precise,300,-330,"hellenistic-republican,roman",Lucus Feroniae,rough,,,,
0101000020E6100000C47B0E2C47FC2C403EAF78EA91594440,15713,Italy,Campania,Stabiae,,Region I,precise,300,-330,"hellenistic-republican,roman",Stabiae,rough,,,,
0101000020E6100000910F170CF01917C06561FCF2510B4240,3017,Europe,Hispania Baetica,Baelo Claudia,House of Sundial,,,,,,,locality,,,Verified,
0101000020E610000025DA0200CFF70AC078BE769BFDE34440,4981,Europe,Hispania Tarraconensis,Clunia,House of Taracena,,precise,640,-30,"roman,late-antique",Clunia,close,,,Verified,
0101000020E61000001C2444F982F616C04FEACBD24EDB4240,11485,Europe,Hispania Baetica,Munigua,Sanctuary,,precise,300,-30,roman,Munigua,close,,,Verified,
0101000020E6100000000000582A592540D0CC93E12FC44040,7169,Africa,Africa Proconsularis,Gigthis,Suburban villa,,precise,640,-550,"classical,hellenistic-republican,roman,late-antique",Gigthis,very close,,,,
0101000020E61000007704051875FB2C40EABDC668FC5F4440,13617,Italy,Campania,Pompeii,,Region I,precise,300,-750,"archaic,classical,hellenistic-republican,roman",Pompeii,verified,,,,
0101000020E610000024D5777E51C2D1BF3FEE533CCBD64340,14474,Europe,Hispania Tarraconensis,Saguntum,Tomb garden/baths of P.C. Rufus,,precise,640,-550,"classical,hellenistic-republican,roman,late-antique",Saguntum,,,,Approximate,
0101000020E610000050FECD0F4C5710C075221C0EA69B4440,770,Europe,Hispania Tarraconensis,Aguilafuente,Villa of Sta. Lucia,,,,,,,locality,,,Verified,
0101000020E6100000020F0C207CF008408AC01E3437114540,6290,Europe,Hispania Tarraconensis,Emporiae,Casa Villanueve,,precise,640,-750,"archaic,classical,hellenistic-republican,roman,late-antique",Emporiae,,,,Verified,
0101000020E610000016C26A2C614522C0EC6B5D6A845A4340,12234,Europe,Lusitania,Olisipo,Tomb garden of F.M.f. Quadratus,,precise,640,-750,"archaic,classical,hellenistic-republican,roman,late-antique",Olisipo,,,,Approximate,
0101000020E6100000C93CF20703FD20C0301812E6AC0C4440,5225,Europe,Lusitania,Conimbriga,House of swastika mosaic,,precise,640,-750,"archaic,classical,hellenistic-republican,roman,late-antique",Conimbriga,,,,Verified,
0101000020E61000004B54D237272E18C0EBF27BD5A9B84240,8486,Europe,Hispania Baetica,Italica,collegium exedra,,precise,640,-330,"hellenistic-republican,roman,late-antique",Italica,close,,,Verified,
0101000020E6100000B708313C9B2E18C052FE8382B1B84240,8488,Europe,Hispania Baetica,Italica,Public square,,precise,640,-330,"hellenistic-republican,roman,late-antique",Italica,close,,,Verified,
0101000020E6100000051F39888C2D18C04D2676868CB84240,8490,Europe,Hispania Baetica,Italica,House of the Birds,,precise,640,-330,"hellenistic-republican,roman,late-antique",Italica,close,,,Verified,
0101000020E6100000005626808B2718C0639F9D5F56B84240,8487,Europe,Hispania Baetica,Italica,theater,,precise,640,-330,"hellenistic-republican,roman,late-antique",Italica,close,,,Verified,
0101000020E61000000E780DB8B62D18C073AED5DC59B84240,8489,Europe,Hispania Baetica,Italica,House of the triclinium,,precise,640,-330,"hellenistic-republican,roman,late-antique",Italica,locality,,,Verified,
0101000020E6100000A3BAB187935B10C07ED924DCB7B84240,1156,Europe,Hispania Baetica,Almedinilla,Villa el Ruedo,,,,,,,close,,,Verified,
0101000020E6100000C82FD52F851913C0515DC83CD5F04240,5141,Europe,Hispania Baetica,Colonia Patricia Corduba,Fountain,,,,,,,unknown,,discovery spot is unknown. under Cordoba section in GRE,Approximate,
0101000020E6100000EDAAF69FEB11F73F20A3F265D8CC4540,17009,Europe,Gallia Narbonensis,Tolosa,Domus under Hotel D'Assezat,,precise,640,-330,"hellenistic-republican,roman,late-antique",Tolosa,,,,Verified,
0101000020E61000000CD79BFFF432F43F3145B9347EE94640,2803,Europe,Gallia Aquitania,Augustoritum,House of Nones of March,,precise,640,-30,"roman,late-antique",Augustoritum,,,,Verified,
0101000020E6100000D419100811040FC0E60D0774EC4D4340,966,Europe,Hispania Tarraconensis,Alameda,Funerary Grove of T.A. Vetus,,,,,,,close,,,Approximate,
0101000020E6100000B0D69AF7491F06C09EE0ACD2274D4340,1003,Europe,Hispania Tarraconensis,Albaladejo,Villa en Puente de la Olmilla,,,,,,,locality,,,Approximate,
0101000020E61000009F9B4F80D56B1140AAEB16A2BFEB4540,11792,Europe,Gallia Narbonensis,Nemausus,Domus de la Marseillaise,,precise,640,-550,"classical,hellenistic-republican,roman,late-antique",Nemausus,,,,Verified,
0101000020E610000004FF00101C68114066FA25E2ADEB4540,11783,Europe,Gallia Narbonensis,Nemausus,House of Fountain,,precise,640,-550,"classical,hellenistic-republican,roman,late-antique",Nemausus,,,,Verified,
0101000020E6100000D7DF12807F661240C7E80CCED8474640,1000,Europe,Gallia Narbonensis,Alba Helviorum,Area with Porticoes A,,precise,640,-30,"roman,late-antique",Alba Helviorum,,,,Verified,
0101000020E6100000AB5138501A65124097B5668ED9474640,996,Europe,Gallia Narbonensis,Alba Helviorum,"Sainte-Pierre, House",,precise,640,-30,"roman,late-antique",Alba Helviorum,,,,Verified,
0101000020E6100000C68D19B0FDC31540115BF6FB30C44540,1912,Europe,Gallia Narbonensis,Aquae Sextiae,"Enclos Reynaud, house with opus sectile",,unlocated,640,-30,"roman,late-antique",Aquae Sextiae,,,,Approximate,
0101000020E610000050F12CFF29BEF73FD0F0660DDE384840,2886,Europe,Gallia Lugdunensis,Autricum,Domus of Place des Epars,,precise,640,-30,"roman,late-antique",Autricum,,,,Verified,
0101000020E610000099A2F9EF03441340CD3BB1FB4CE14640,10292,Europe,Gallia Lugdunensis,Lugdunum,House with Pilasters,,precise,300,-30,roman,Lugdunum,,,,Verified,
